Wine Type,Vintage,Region,Rating,Price
Rosé,2016,Barossa Valley,71,9.982285848692198
Red,2012,Barossa Valley,64,24.52094946849512
Rosé,2012,Bordeaux,89,17.951521682473032
Rosé,2017,Napa Valley,70,14.276775403712035
Red,2014,Napa Valley,64,32.026683328740816
Red,2013,Barossa Valley,71,30.946906395817
Rosé,2017,Bordeaux,77,12.02759549073039
White,2015,Napa Valley,63,19.989726877204163
Rosé,2011,Bordeaux,76,11.846192043046969
Rosé,2013,Bordeaux,90,16.16300595043951
Rosé,2021,Bordeaux,89,14.211490479701904
Rosé,2020,Mendoza,77,7.108622377691667
Red,2013,Bordeaux,75,29.34829119113586
Rosé,2015,Mendoza,98,16.552940331456035
White,2015,Barossa Valley,51,11.975772976591923
Red,2010,Napa Valley,74,37.09140181143737
White,2017,Napa Valley,52,11.51967046965484
White,2015,Napa Valley,57,14.157277183921044
White,2012,Napa Valley,93,29.93960723935213
White,2018,Napa Valley,82,21.504569806487527
Red,2011,Napa Valley,91,47.60828759000755
Red,2020,Napa Valley,84,35.13538212145024
White,2017,Barossa Valley,55,10.647084086125936
White,2019,Bordeaux,88,19.501009556864012
Red,2012,Tuscany,72,27.13244349699357
Red,2022,Mendoza,74,22.260298077042535
Red,2021,Tuscany,99,32.56408137313675
Rosé,2014,Tuscany,92,14.667811616344267
Rosé,2015,Bordeaux,68,9.394284977579323
Rosé,2019,Bordeaux,54,6.232844282170769
White,2015,Bordeaux,60,12.491960281786037
Rosé,2013,Napa Valley,61,16.03021674889267
White,2012,Barossa Valley,59,18.848669033178204
White,2013,Napa Valley,57,18.658097952714954
Rosé,2010,Barossa Valley,73,15.018804953490312
White,2013,Barossa Valley,77,22.325515984497482
Rosé,2010,Tuscany,90,14.664714196739954
Rosé,2021,Tuscany,85,16.801577443389547
Red,2010,Barossa Valley,86,33.67867794576389
Rosé,2019,Barossa Valley,70,12.654481157791448
Red,2015,Napa Valley,57,27.13221243845928
Rosé,2014,Napa Valley,58,14.368599689119996
Rosé,2020,Tuscany,96,13.875921929997011
Red,2013,Bordeaux,64,24.629109154379147
Red,2022,Barossa Valley,97,33.68621663647518
Rosé,2020,Napa Valley,95,21.98319694935306
White,2012,Tuscany,89,17.11427617734099
Red,2010,Napa Valley,67,36.231867402592655
White,2015,Barossa Valley,91,18.44608569509971
White,2011,Barossa Valley,69,19.20069534153117
White,2017,Mendoza,55,9.041511159402678
Red,2019,Bordeaux,61,20.941106539541444
White,2014,Mendoza,51,8.023751296232506
Red,2016,Tuscany,56,17.556345332163886
White,2019,Napa Valley,65,21.598619246573705
Rosé,2021,Tuscany,52,4.9956519908143795
Rosé,2011,Barossa Valley,94,20.542412335220792
Red,2022,Mendoza,52,12.716035644406784
Rosé,2017,Mendoza,76,11.11177441238607
Rosé,2011,Mendoza,99,16.373295554831504
White,2013,Tuscany,92,20.981026181911382
Red,2010,Barossa Valley,89,39.15674456974215
White,2014,Napa Valley,87,32.31869621957349
White,2018,Napa Valley,82,21.7581924165454
White,2010,Tuscany,77,20.073515884296366
White,2018,Mendoza,50,6.413454084257673
White,2020,Bordeaux,57,10.399127246363982
White,2017,Tuscany,86,17.972812555760754
White,2015,Tuscany,81,19.00623205707193
Red,2016,Barossa Valley,97,34.75822669757132
Rosé,2012,Napa Valley,92,22.143883938953692
White,2010,Tuscany,86,20.81058281084671
White,2014,Tuscany,53,10.325184532060565
White,2021,Mendoza,79,15.429030652710734
White,2021,Mendoza,55,11.664666124646818
White,2011,Bordeaux,95,24.175819334333838
White,2014,Barossa Valley,68,18.507915704480997
Rosé,2017,Bordeaux,81,13.653756459304098
Rosé,2020,Mendoza,58,6.956560527918808
White,2018,Napa Valley,61,16.33773477074836
Rosé,2011,Mendoza,60,14.09944357833303
Red,2021,Barossa Valley,95,32.850948598508005
White,2012,Mendoza,65,13.583319695957556
Red,2012,Barossa Valley,50,20.154916388729685
Red,2010,Barossa Valley,94,41.814383942999875
White,2017,Barossa Valley,70,16.017551653563793
Rosé,2015,Barossa Valley,79,12.56575392335715
Red,2021,Barossa Valley,62,24.404608064546025
White,2022,Napa Valley,83,25.249206009027276
Red,2017,Bordeaux,53,15.97115286852259
Red,2020,Tuscany,77,19.135920097278767
Red,2018,Bordeaux,87,30.20302737967385
Red,2014,Barossa Valley,80,32.95074034848
Rosé,2021,Napa Valley,76,16.97125119832554
Red,2012,Mendoza,54,13.879792364576332
Red,2014,Napa Valley,74,38.415194676598624
Red,2014,Barossa Valley,52,19.885656141438442
Rosé,2014,Napa Valley,82,21.75652823813305
Red,2012,Napa Valley,53,26.263546135672872
Red,2020,Barossa Valley,74,24.06612116120671
Rosé,2019,Napa Valley,69,13.158427374146438
Rosé,2013,Tuscany,83,16.4371369139134
Rosé,2018,Tuscany,75,11.34928890623047
Red,2022,Napa Valley,54,23.03882596094497
Rosé,2019,Mendoza,84,15.29288116903097
Rosé,2018,Barossa Valley,77,10.385016776577897
Red,2011,Tuscany,78,31.548425149937252
Rosé,2017,Mendoza,58,8.038711875046426
Red,2017,Napa Valley,87,33.43743190335374
White,2016,Mendoza,99,15.15937274852202
Rosé,2017,Bordeaux,55,8.531759218445933
White,2012,Tuscany,68,18.29930022384892
Red,2022,Napa Valley,93,37.40990175924493
Rosé,2015,Barossa Valley,60,13.552309860494695
Red,2010,Napa Valley,51,22.342648619896885
White,2016,Barossa Valley,96,22.439822104307893
Red,2010,Napa Valley,93,43.530213111173765
Rosé,2018,Mendoza,93,13.282263765249937
Rosé,2010,Mendoza,58,11.3437747801946
White,2010,Mendoza,70,14.558476412637896
Red,2016,Bordeaux,73,18.443572286745734
Rosé,2011,Barossa Valley,83,18.20139629359299
White,2014,Mendoza,71,16.49347710346702
Rosé,2017,Bordeaux,52,9.232589509923395
Rosé,2017,Barossa Valley,61,13.177064383644309
Red,2012,Napa Valley,77,35.97289264070191
Rosé,2016,Bordeaux,79,14.158432210900898
Red,2012,Tuscany,75,29.610015024955953
Rosé,2015,Bordeaux,97,12.156824831986967
White,2015,Bordeaux,70,15.759303651837952
Rosé,2012,Barossa Valley,77,15.508140337984658
Red,2016,Napa Valley,75,30.21195465379671
Red,2012,Tuscany,82,30.461352967076675
White,2017,Mendoza,70,11.625542871772895
Rosé,2019,Mendoza,84,9.988583841676776
Rosé,2013,Bordeaux,83,16.50230483497605
White,2022,Barossa Valley,90,18.8855081222744
Rosé,2010,Barossa Valley,96,18.42034974222963
Rosé,2013,Mendoza,67,12.413746565913009
Red,2016,Tuscany,60,15.522411929682688
Rosé,2020,Napa Valley,72,15.912625001818423
Rosé,2013,Tuscany,97,18.5306825857079
White,2022,Napa Valley,71,15.718386542418806
White,2015,Mendoza,66,10.52487069532869
Red,2018,Napa Valley,54,24.258218806094746
Rosé,2010,Barossa Valley,93,17.986168937720638
Rosé,2022,Bordeaux,60,8.791191475381224
Rosé,2014,Bordeaux,79,16.566121786503793
Red,2020,Mendoza,64,18.846781018565192
Red,2016,Barossa Valley,76,26.17292222791101
White,2010,Tuscany,84,19.13297961061672
Red,2013,Barossa Valley,82,38.02273972339701
Rosé,2015,Bordeaux,69,14.655799327595156
Rosé,2011,Bordeaux,65,14.827716101563594
Red,2019,Barossa Valley,83,29.303636285130047
Rosé,2014,Barossa Valley,51,9.322968556718148
Rosé,2020,Bordeaux,84,11.947111186886868
Red,2019,Tuscany,89,27.478028210531516
Red,2010,Mendoza,77,26.24679644177737
Rosé,2015,Mendoza,96,15.763197185892858
Rosé,2015,Barossa Valley,88,16.74490018507228
Rosé,2022,Mendoza,55,4.418839396480363
White,2013,Bordeaux,58,17.415895235445838
White,2022,Bordeaux,69,12.907878745371175
White,2017,Barossa Valley,50,10.932057456095297
Red,2013,Barossa Valley,57,24.953400412503388
White,2017,Barossa Valley,72,20.839334979567926
Red,2022,Tuscany,52,21.66383711201072
Red,2017,Mendoza,53,15.523446118272366
White,2014,Barossa Valley,74,20.797606762559226
White,2022,Napa Valley,96,26.9890112969611
White,2013,Napa Valley,87,30.485310851747677
Rosé,2021,Bordeaux,64,9.726664748885616
White,2022,Mendoza,70,16.190422711824645
Rosé,2011,Barossa Valley,84,18.478141518382806
Red,2020,Napa Valley,95,39.47048617818279
Rosé,2012,Mendoza,63,11.726848504108922
White,2012,Bordeaux,85,23.283173221228914
Red,2013,Tuscany,61,23.820881000939224
Red,2013,Mendoza,66,20.545493626906154
Red,2019,Mendoza,88,22.643396492107936
Rosé,2020,Tuscany,58,6.412691534056609
White,2020,Mendoza,84,15.999002461240455
Red,2014,Bordeaux,62,26.10987300702423
Red,2013,Bordeaux,64,26.259545732303774
Red,2020,Tuscany,67,23.247984866695077
Rosé,2019,Barossa Valley,82,14.379807962341905
Rosé,2017,Napa Valley,55,12.474983311185026
White,2015,Barossa Valley,76,15.600598247721374
Rosé,2015,Mendoza,72,8.945800595051196
Red,2017,Napa Valley,76,32.17107551513156
White,2016,Tuscany,83,18.132204221486287
Red,2019,Tuscany,95,27.627066104671634
Red,2020,Napa Valley,87,35.091801496283864
Rosé,2021,Bordeaux,63,7.170252506638381
White,2019,Napa Valley,85,22.23594159838678
Rosé,2022,Mendoza,57,9.475766327039572
Rosé,2017,Bordeaux,84,14.758410032213131
White,2011,Tuscany,68,17.457331442762424
Red,2018,Napa Valley,79,32.09454737436192
Red,2010,Barossa Valley,63,27.041126317256353
White,2017,Barossa Valley,69,14.825357721053104
Red,2021,Mendoza,98,27.85765684040507
White,2020,Barossa Valley,74,18.15794588877878
White,2021,Napa Valley,89,25.0140376959856
Rosé,2021,Napa Valley,73,13.73043031466484
White,2013,Barossa Valley,63,13.711314160257512
Rosé,2013,Napa Valley,75,20.75680542350739
Red,2014,Mendoza,87,27.752325087983195
Red,2017,Bordeaux,72,21.602448471913757
Red,2014,Mendoza,71,24.816957823827988
Red,2017,Mendoza,97,25.405974720161737
Rosé,2019,Napa Valley,68,15.889872768093245
Red,2010,Bordeaux,95,38.85401189915339
White,2021,Napa Valley,52,15.407138646400956
White,2019,Tuscany,91,15.286088577598932
White,2018,Napa Valley,68,20.783887970772803
Rosé,2015,Napa Valley,58,12.267501062467712
Red,2012,Napa Valley,77,37.376445721507594
Red,2022,Bordeaux,69,22.642776934684502
Red,2017,Napa Valley,94,34.51752953420336
Rosé,2018,Bordeaux,56,9.889305622961345
White,2015,Barossa Valley,63,12.683256983635856
White,2020,Tuscany,58,8.778659428312931
Red,2016,Bordeaux,68,18.98728162756422
White,2010,Barossa Valley,96,29.681376749979854
White,2014,Bordeaux,63,15.373473212614424
Rosé,2014,Bordeaux,87,20.293455419833002
Rosé,2019,Tuscany,85,11.550897073895404
Rosé,2013,Mendoza,89,11.270284084814108
Rosé,2015,Mendoza,66,6.676951120102682
Red,2016,Bordeaux,79,28.067623240013877
Rosé,2018,Napa Valley,58,11.433203644126664
White,2010,Barossa Valley,82,22.3554254070188
Red,2015,Napa Valley,74,30.290036451705575
White,2016,Napa Valley,63,18.013565472335088
White,2012,Bordeaux,60,18.07479763180492
White,2017,Bordeaux,84,21.040998459785854
Rosé,2014,Bordeaux,90,17.10046270842183
Rosé,2018,Bordeaux,63,7.553904627835923
Red,2014,Mendoza,79,25.243069677753454
Red,2018,Bordeaux,90,29.68056101316577
Rosé,2019,Mendoza,53,5.227482147578779
White,2013,Mendoza,53,9.745698170209916
Red,2018,Bordeaux,77,25.635575763099773
Rosé,2014,Tuscany,57,10.248195296859096
Rosé,2019,Barossa Valley,51,9.016093990823173
Rosé,2018,Napa Valley,90,16.70800933059986
White,2012,Mendoza,95,20.439198571588467
Rosé,2013,Barossa Valley,71,13.381033711463392
Rosé,2018,Tuscany,90,15.145396822249573
Rosé,2019,Napa Valley,65,15.232998669447504
Rosé,2020,Napa Valley,78,12.102624275523814
Red,2015,Mendoza,98,24.60097827961518
Red,2011,Bordeaux,97,35.41894148981985
Rosé,2016,Tuscany,79,10.431452131186203
White,2011,Mendoza,61,13.253124060419278
Red,2020,Tuscany,84,22.04870956060294
Rosé,2011,Bordeaux,60,10.036280373749372
Red,2020,Bordeaux,95,28.772085255837002
Red,2010,Mendoza,99,33.08453465879789
White,2020,Bordeaux,70,15.258688674072499
Rosé,2020,Barossa Valley,70,10.841524893325492
Rosé,2021,Napa Valley,54,11.288641744278797
White,2020,Mendoza,97,16.36663983082547
White,2012,Tuscany,69,16.154689779347894
Rosé,2015,Barossa Valley,86,18.439904180597075
Rosé,2017,Mendoza,52,9.700922103580696
White,2018,Bordeaux,93,17.488837526144806
Red,2016,Bordeaux,82,28.22746483575835
Red,2013,Bordeaux,58,24.590793108983185
White,2015,Bordeaux,58,10.231473422494762
Red,2014,Tuscany,53,20.876555287509724
White,2017,Barossa Valley,84,22.731863836825106
Red,2010,Napa Valley,66,30.424910387511183
Red,2010,Tuscany,83,28.29399435797147
Rosé,2022,Tuscany,73,12.875822933687004
Rosé,2020,Napa Valley,81,16.9454906216513
Red,2015,Napa Valley,50,21.352952550479046
Red,2019,Bordeaux,57,19.149178432800994
Rosé,2021,Tuscany,94,14.740391841856288
Rosé,2011,Mendoza,72,9.227055743377832
Rosé,2014,Napa Valley,96,25.854635413242896
White,2010,Napa Valley,89,31.70917998485555
Red,2016,Barossa Valley,61,20.952218511863947
Rosé,2010,Mendoza,61,9.978046100372277
Red,2013,Mendoza,95,28.287784994888558
White,2018,Napa Valley,96,26.948509512035667
White,2010,Bordeaux,64,18.040114883428288
Rosé,2013,Barossa Valley,90,19.180617966001382
White,2015,Mendoza,68,14.488706719741007
Red,2015,Napa Valley,75,29.70684553804012
Rosé,2021,Mendoza,78,11.659211851787202
Red,2022,Barossa Valley,71,22.88167132261577
Red,2017,Barossa Valley,89,31.191895698251525
White,2010,Tuscany,70,16.59129148419433
White,2016,Napa Valley,87,23.940615844081886
White,2010,Barossa Valley,69,18.99494614233328
White,2022,Tuscany,78,15.181054808656665
White,2016,Tuscany,53,12.146094342883012
Rosé,2012,Mendoza,56,8.366471525523567
Red,2020,Mendoza,77,17.576845798522644
Red,2017,Tuscany,77,26.368167808410842
Red,2012,Mendoza,53,20.252908157380975
Red,2022,Barossa Valley,71,22.336474609788763
White,2010,Bordeaux,61,17.48341561049039
Red,2022,Barossa Valley,94,31.988050458897312
Rosé,2022,Tuscany,52,8.24897443066212
Rosé,2017,Tuscany,71,11.131948258026988
Red,2012,Barossa Valley,93,39.42818439936736
Red,2011,Mendoza,51,15.262468668827209
Rosé,2010,Mendoza,73,10.663917895367481
Rosé,2012,Tuscany,83,13.232116169037514
White,2011,Napa Valley,76,23.41635558353911
Rosé,2011,Mendoza,90,14.71564341990129
White,2015,Barossa Valley,50,10.268480021778498
White,2021,Mendoza,57,11.62410413142524
White,2010,Barossa Valley,72,23.566492310671855
White,2011,Tuscany,87,19.893893517259915
White,2015,Mendoza,55,10.378809001070755
Red,2012,Barossa Valley,71,31.458370220605868
Rosé,2013,Tuscany,74,14.37500454183855
White,2010,Napa Valley,67,22.26191053583218
Rosé,2017,Barossa Valley,66,13.068364836719446
Rosé,2022,Napa Valley,61,13.316997905361314
White,2016,Napa Valley,55,12.374675155345404
Red,2016,Bordeaux,75,26.038312128778546
White,2012,Mendoza,76,18.49458167453348
Red,2019,Barossa Valley,57,18.480427791642835
Rosé,2019,Napa Valley,68,13.845875670895206
Red,2012,Bordeaux,91,37.40265798562214
Red,2011,Tuscany,50,17.731372360841277
Red,2021,Barossa Valley,78,29.52395609553203
Rosé,2010,Napa Valley,94,27.992744989238723
Rosé,2016,Mendoza,98,11.658027934730036
Red,2016,Bordeaux,84,24.453910793692447
Red,2021,Napa Valley,89,36.652637191209756
White,2011,Mendoza,63,15.303125010252288
Red,2016,Napa Valley,84,33.55826725231046
White,2022,Barossa Valley,97,25.604521326642068
Red,2017,Barossa Valley,94,30.316788400553502
White,2010,Barossa Valley,69,21.11983724606322
Rosé,2018,Bordeaux,98,14.664278358482214
Red,2016,Barossa Valley,62,25.200755812414595
Red,2012,Mendoza,87,32.69503070633624
Red,2017,Napa Valley,98,38.15668682443331
Red,2016,Tuscany,95,27.11588572818284
White,2020,Mendoza,98,19.359175773959606
Red,2022,Mendoza,57,14.61573870042097
Rosé,2017,Barossa Valley,92,16.055177564135523
Rosé,2015,Bordeaux,69,11.22877684108482
Red,2018,Napa Valley,82,29.370653687604687
Rosé,2014,Bordeaux,75,14.822324507811526
Red,2012,Napa Valley,88,42.180544451871654
Red,2012,Napa Valley,70,33.66375435520045
Rosé,2010,Bordeaux,98,22.29126400693763
Red,2021,Mendoza,91,22.056986211441487
Rosé,2017,Napa Valley,92,20.256410373495953
White,2011,Bordeaux,90,23.20207413933639
Red,2012,Napa Valley,58,28.150479663008333
White,2017,Tuscany,73,16.03474379210342
Rosé,2017,Mendoza,86,12.290102589137781
White,2020,Barossa Valley,98,24.073225994439063
White,2013,Napa Valley,90,31.636369321065725
Rosé,2013,Tuscany,66,11.316383233633356
White,2014,Barossa Valley,73,19.653526530984504
White,2015,Barossa Valley,70,14.209698946884403
Rosé,2014,Napa Valley,88,20.12917894004209
White,2016,Bordeaux,90,25.338188850617453
Rosé,2011,Napa Valley,88,24.269359161473574
White,2016,Tuscany,62,9.573851267583958
Rosé,2019,Barossa Valley,60,7.885084086512859
Rosé,2016,Napa Valley,95,20.201232123436984
White,2010,Bordeaux,68,19.046529594755935
White,2016,Napa Valley,60,17.297767670634727
White,2014,Mendoza,62,13.130088412892606
Red,2012,Bordeaux,95,37.3690914799942
Red,2022,Tuscany,94,28.573759048318713
Red,2012,Barossa Valley,50,21.621786012586664
Rosé,2013,Napa Valley,89,17.58889925450493
White,2022,Bordeaux,93,19.628400738849614
Rosé,2021,Mendoza,68,7.477187131479374
Red,2011,Bordeaux,61,24.506422837817027
White,2011,Mendoza,57,18.51051800520682
Rosé,2010,Tuscany,57,11.080463330948609
White,2014,Barossa Valley,94,26.256940627655204
Rosé,2013,Tuscany,61,12.915103003954505
White,2020,Napa Valley,97,27.155375774418424
Red,2019,Bordeaux,82,27.408188980903684
Red,2011,Mendoza,94,32.23370118643135
White,2012,Mendoza,75,20.613087129659082
Rosé,2016,Bordeaux,88,11.99422312934817
Red,2016,Bordeaux,77,25.89526415362291
Red,2021,Napa Valley,54,20.017237740036926
Red,2013,Tuscany,57,21.802025292684494
White,2014,Mendoza,74,14.442626977027812
White,2014,Napa Valley,76,24.245266372789832
Rosé,2015,Tuscany,95,13.517320171524187
Rosé,2018,Napa Valley,72,16.53163343868942
Rosé,2011,Mendoza,79,14.87190888788483
White,2014,Bordeaux,94,22.32456524710723
White,2021,Bordeaux,96,20.845868221999698
Rosé,2012,Tuscany,72,11.648840290501655
Rosé,2013,Barossa Valley,98,18.50399017864933
White,2019,Tuscany,96,18.573965899151258
Rosé,2015,Barossa Valley,69,11.49253442308836
Red,2021,Napa Valley,67,31.988432972691047
White,2017,Napa Valley,67,18.955919650721395
Rosé,2010,Mendoza,51,5.659764998491527
White,2019,Barossa Valley,53,11.272451991658116
Red,2017,Mendoza,79,23.3727665908588
White,2020,Bordeaux,82,21.88888554573985
White,2016,Barossa Valley,85,16.71803337552408
White,2010,Tuscany,67,12.454151229721912
White,2011,Bordeaux,86,26.44593035074357
Red,2012,Bordeaux,68,27.70722835474181
White,2010,Tuscany,96,21.495414536247267
White,2018,Bordeaux,77,17.701258172244874
Rosé,2017,Barossa Valley,89,10.348004521966246
White,2011,Mendoza,69,15.186751013194321
Rosé,2022,Bordeaux,98,16.531642345686173
Red,2018,Barossa Valley,82,30.630540279075657
Red,2016,Napa Valley,61,22.677208095414922
Red,2018,Barossa Valley,64,22.63537432280672
Red,2015,Mendoza,90,22.449150747880825
Rosé,2015,Barossa Valley,88,15.954767511348635
White,2020,Tuscany,51,8.307307355273952
Red,2013,Mendoza,78,24.923798321679563
White,2019,Napa Valley,90,22.308369210419542
Rosé,2019,Tuscany,59,10.063772483647314
Rosé,2022,Barossa Valley,51,10.66740223331333
Rosé,2022,Mendoza,60,7.630758860085172
Red,2011,Napa Valley,62,30.766475989920057
White,2016,Tuscany,59,8.78481717073291
White,2014,Napa Valley,63,20.190646703986424
White,2020,Barossa Valley,67,15.577590765916513
Rosé,2015,Napa Valley,58,16.98658618205995
Red,2011,Bordeaux,88,32.62406594845167
Rosé,2014,Tuscany,77,16.903854477504876
Rosé,2019,Napa Valley,52,12.523717546931618
White,2013,Barossa Valley,69,20.295272808980272
Rosé,2018,Barossa Valley,55,13.169740968390268
White,2015,Napa Valley,76,21.264210945213726
Red,2011,Barossa Valley,51,22.65731839133586
White,2010,Mendoza,78,17.053758693964912
Red,2014,Mendoza,87,31.15713776483726
White,2018,Mendoza,52,11.552938467621768
Rosé,2015,Bordeaux,65,9.278645425007577
Rosé,2019,Napa Valley,79,13.359005610802468
Red,2021,Bordeaux,89,28.430038725208686
Red,2016,Barossa Valley,51,16.30092287120471
Red,2014,Bordeaux,66,26.008950850769292
White,2019,Barossa Valley,90,23.53487626936828
White,2015,Barossa Valley,61,13.359396689826418
Red,2014,Tuscany,84,30.40635323737685
Rosé,2020,Mendoza,92,12.536045469616791
White,2018,Barossa Valley,50,13.39686176441057
White,2015,Tuscany,94,14.118221332030792
White,2020,Mendoza,64,10.306599410469408
Red,2017,Barossa Valley,75,26.747567384558945
Red,2011,Barossa Valley,86,39.29415791285373
Red,2021,Bordeaux,70,21.696195104987588
Red,2022,Bordeaux,98,27.998894587916254
Red,2018,Mendoza,80,22.839422891932273
Rosé,2014,Barossa Valley,74,14.602275222348743
Rosé,2016,Napa Valley,72,12.200666681819278
Red,2019,Bordeaux,73,22.403309220573554
White,2022,Mendoza,87,15.290949284688299
Red,2010,Barossa Valley,77,31.823510670923575
Rosé,2019,Barossa Valley,70,7.87386788580186
Rosé,2014,Napa Valley,92,24.564132393774265
White,2021,Mendoza,67,14.609750082557445
Rosé,2019,Barossa Valley,85,16.22054398267901
Red,2011,Bordeaux,84,30.98862865915037
White,2021,Napa Valley,94,24.977016932104963
Red,2015,Mendoza,58,15.646957369541083
Red,2020,Napa Valley,87,36.43258877912382
White,2010,Bordeaux,79,22.19268097743616
Red,2012,Mendoza,93,29.221652402443013
Rosé,2014,Napa Valley,83,20.706491112827123
Red,2013,Tuscany,81,30.317560809230486
White,2012,Bordeaux,52,16.639644644293533
White,2019,Bordeaux,52,12.641013079649447
White,2022,Bordeaux,77,18.21011337475104
Red,2014,Tuscany,93,33.92665325585873
White,2020,Tuscany,64,15.492918290407008
White,2017,Barossa Valley,90,21.879525591919
Red,2020,Napa Valley,72,27.43782417965286
Rosé,2013,Barossa Valley,89,21.897239940250383
Red,2010,Napa Valley,60,31.09580654507806
White,2020,Tuscany,97,18.319911957743034
White,2016,Tuscany,81,15.079014065201514
Red,2017,Barossa Valley,85,30.428151090281524
Rosé,2012,Mendoza,82,14.456369590535168
White,2015,Barossa Valley,73,17.476584531262414
White,2011,Napa Valley,88,29.662617346885767
White,2016,Barossa Valley,83,22.82191474915276
Red,2017,Bordeaux,77,27.091086304469773
White,2015,Napa Valley,86,23.601271182530052
Rosé,2015,Napa Valley,56,13.222621161534969
White,2014,Mendoza,53,9.594952192944923
White,2017,Tuscany,86,17.823854099893616
Rosé,2010,Napa Valley,50,15.993612699466222
White,2019,Tuscany,50,9.463908209215253
Red,2013,Barossa Valley,96,39.488732142761826
Red,2013,Bordeaux,69,26.019822222813875
Red,2012,Mendoza,68,20.26073392531523
Rosé,2012,Tuscany,78,12.587476183744595
White,2013,Napa Valley,59,18.728983802819943
Red,2020,Tuscany,67,17.08786596164272
Rosé,2010,Napa Valley,77,19.08873666789921
White,2020,Tuscany,84,18.436554347573296
Rosé,2022,Napa Valley,92,16.814487639706158
Red,2020,Barossa Valley,96,36.734567847283536
Red,2011,Napa Valley,80,40.62158417705519
Red,2018,Napa Valley,76,32.84116117124812
Rosé,2019,Bordeaux,60,8.404330892295725
Rosé,2011,Napa Valley,98,25.964050454133233
Red,2014,Bordeaux,98,36.624132199209384
Rosé,2018,Mendoza,87,13.525495001673018
Red,2018,Bordeaux,54,17.839678679587063
Red,2017,Barossa Valley,57,21.113502439969565
White,2010,Bordeaux,83,19.560810788750295
Rosé,2010,Mendoza,97,14.21486031544679
Red,2018,Barossa Valley,61,22.60545643650677
Red,2022,Tuscany,87,23.9423039915516
Rosé,2020,Tuscany,50,8.351412584198245
White,2017,Bordeaux,80,14.545724387079513
White,2019,Bordeaux,53,13.144348425333337
Red,2018,Mendoza,98,23.994953370462984
Rosé,2016,Mendoza,94,13.794599875359046
White,2012,Napa Valley,99,33.921261867292
Rosé,2012,Mendoza,54,7.516456363140852
Rosé,2011,Napa Valley,79,20.71655313416946
Red,2014,Barossa Valley,73,31.83788452666711
White,2021,Bordeaux,52,10.154316287614524
Red,2021,Barossa Valley,60,19.042890631847584
White,2012,Mendoza,94,16.75474861665484
White,2015,Barossa Valley,53,13.101300094599388
White,2011,Barossa Valley,75,18.320394457275892
White,2021,Barossa Valley,76,17.97468839888262
White,2012,Mendoza,95,20.373103567835503
Rosé,2014,Barossa Valley,92,21.092285550876394
Red,2021,Napa Valley,76,30.175909001020276
Rosé,2020,Mendoza,91,11.626104427305817
White,2020,Barossa Valley,99,24.629741408576592
Red,2010,Mendoza,55,18.82011605816824
White,2022,Tuscany,64,13.304311914365558
Red,2010,Napa Valley,79,40.043535179617066
Rosé,2019,Barossa Valley,91,12.89935575358579
Red,2018,Tuscany,86,27.055577359973963
Red,2016,Tuscany,86,26.766937588027204
Red,2010,Mendoza,91,27.99663374284701
Red,2021,Tuscany,86,25.053839052651597
Red,2017,Napa Valley,84,33.94138542474473
White,2012,Napa Valley,72,23.49100643119653
Red,2017,Bordeaux,55,18.48771993313707
Red,2014,Napa Valley,53,29.09773356366237
Rosé,2010,Tuscany,67,14.32403345534566
Red,2016,Napa Valley,58,20.865561613137185
Rosé,2014,Mendoza,98,17.4141399806121
White,2015,Bordeaux,78,19.505866639070817
Red,2015,Tuscany,62,19.187617041378406
Rosé,2017,Bordeaux,96,17.733960850371936
Rosé,2018,Tuscany,66,13.82554089140153
White,2011,Mendoza,94,22.727419092213964
Red,2018,Bordeaux,81,26.74261719128346
Red,2021,Barossa Valley,97,36.137176948169504
Rosé,2020,Tuscany,71,10.833275666193781
Red,2019,Barossa Valley,53,18.65080608656991
Rosé,2018,Bordeaux,54,8.045171528572537
Red,2022,Barossa Valley,86,33.312826717664215
Rosé,2019,Barossa Valley,90,14.158142668116
Red,2019,Bordeaux,98,34.81673544935624
White,2016,Mendoza,62,12.159728247480743
Red,2010,Barossa Valley,83,32.808387650396114
Red,2016,Barossa Valley,94,33.729298585982846
White,2019,Mendoza,71,8.57994698469675
Red,2014,Barossa Valley,72,32.139016033662074
White,2015,Barossa Valley,52,13.938462965977982
Red,2019,Barossa Valley,91,30.756288088695896
Rosé,2016,Napa Valley,83,17.054595391911164
Rosé,2014,Mendoza,81,17.273314867500574
Red,2016,Barossa Valley,94,31.982506591476128
Red,2018,Mendoza,98,24.3421848258868
Red,2012,Tuscany,70,28.3733268049252
Rosé,2017,Tuscany,95,18.03267438106159
Red,2011,Barossa Valley,93,39.9043913436957
Rosé,2020,Mendoza,70,11.472926070816714
White,2016,Mendoza,93,19.422951831061763
Rosé,2022,Mendoza,60,6.615031534923231
Rosé,2011,Napa Valley,88,20.809388329264266
White,2013,Tuscany,53,15.28774902630947
Rosé,2016,Mendoza,50,10.120028557417019
Red,2012,Mendoza,77,26.535761720348713
Red,2011,Napa Valley,73,34.375371292995894
Rosé,2020,Napa Valley,84,20.98412222339888
Red,2019,Mendoza,62,15.678058204376073
Rosé,2016,Bordeaux,96,14.881724437657098
Red,2010,Mendoza,83,28.074675668979243
Red,2017,Mendoza,60,19.30832084142955
Rosé,2012,Napa Valley,85,22.74545195310445
Red,2021,Napa Valley,66,27.559731000723826
Rosé,2021,Mendoza,84,12.266577060236212
Red,2022,Mendoza,67,18.177029337286935
Red,2011,Mendoza,89,30.486279029037014
White,2012,Napa Valley,71,18.370879844611395
White,2014,Mendoza,73,15.466785081860406
Rosé,2020,Mendoza,68,9.662643869833563
White,2017,Barossa Valley,86,17.821971832760983
Rosé,2019,Bordeaux,88,15.02864663562312
White,2016,Tuscany,70,13.451057558027756
Red,2016,Bordeaux,57,21.97895139663098
Rosé,2021,Barossa Valley,77,16.659539450429712
Rosé,2016,Tuscany,54,7.087388861763674
Red,2017,Mendoza,66,17.51832457686661
Rosé,2010,Barossa Valley,86,18.299104868783218
Rosé,2013,Mendoza,85,13.121681047680754
White,2022,Napa Valley,68,18.750049968056256
Rosé,2015,Barossa Valley,76,11.82143586222482
Red,2018,Napa Valley,83,31.353769330124948
White,2022,Barossa Valley,60,15.285422447800537
White,2011,Barossa Valley,94,28.14305916844362
Red,2010,Napa Valley,96,45.91136848068001
Red,2022,Tuscany,61,19.9077108615252
White,2019,Bordeaux,70,13.856844541669334
Rosé,2021,Mendoza,60,8.606330476075962
White,2011,Barossa Valley,88,26.80868802522491
Red,2016,Mendoza,77,20.722774870592577
White,2012,Napa Valley,54,18.729481824282274
Red,2019,Mendoza,66,16.787140712224858
White,2011,Napa Valley,69,22.377066833143804
Rosé,2020,Mendoza,90,11.73828113823932
White,2016,Bordeaux,95,19.02684330691952
White,2022,Bordeaux,61,12.822451673768436
Red,2022,Bordeaux,55,14.722763402272507
Red,2011,Bordeaux,66,25.153692505715792
Red,2012,Bordeaux,68,26.358249013260664
White,2020,Bordeaux,75,15.687640495009239
Rosé,2016,Napa Valley,97,19.15950510825844
Red,2013,Barossa Valley,93,39.77347160027975
Red,2022,Mendoza,93,26.06888303617213
White,2010,Bordeaux,81,23.13303414826505
Red,2022,Napa Valley,55,20.97546954630347
Rosé,2014,Napa Valley,85,18.63109828922171
Rosé,2021,Napa Valley,87,15.533411175513795
Red,2018,Barossa Valley,60,20.085594157610146
Red,2017,Mendoza,82,21.436157364366977
White,2021,Barossa Valley,73,15.542007867605086
Rosé,2018,Tuscany,72,8.09976667150021
Rosé,2019,Napa Valley,64,12.047758345051625
Red,2018,Tuscany,76,22.934853240227945
White,2016,Bordeaux,60,14.15005893167113
Rosé,2013,Bordeaux,99,18.487153893783358
Rosé,2014,Barossa Valley,66,13.331004355713134
White,2010,Mendoza,63,12.00660338230538
White,2010,Tuscany,76,18.329121659250447
Rosé,2012,Mendoza,67,9.358142731618372
Rosé,2022,Barossa Valley,77,14.6597556264824
White,2017,Bordeaux,96,17.164267016131777
Rosé,2011,Mendoza,96,15.120740655095075
Red,2013,Mendoza,53,18.092214678383485
Red,2011,Bordeaux,56,22.543669032645013
White,2014,Tuscany,94,28.134067327960995
White,2018,Bordeaux,84,18.843600049135816
White,2010,Mendoza,97,19.33189080631598
Red,2014,Tuscany,58,20.863071505821853
Rosé,2018,Tuscany,57,4.912007333067096
Red,2010,Bordeaux,94,37.06280050140648
Rosé,2018,Mendoza,66,7.2438878859984825
Red,2017,Barossa Valley,66,24.996780551120327
Rosé,2013,Mendoza,98,15.070919450808931
Red,2021,Napa Valley,82,32.97646816840951
White,2020,Barossa Valley,81,17.682884317191196
Red,2019,Tuscany,57,20.40670270370666
Rosé,2014,Barossa Valley,68,13.943514467764178
Red,2022,Tuscany,87,29.504114086958406
Red,2014,Tuscany,52,20.504303524236533
Red,2020,Barossa Valley,54,19.918133454670777
White,2021,Tuscany,62,13.013466294635041
Red,2015,Tuscany,96,29.299594596432502
White,2016,Napa Valley,95,21.794654841308784
White,2017,Mendoza,80,13.842233211698487
Red,2017,Mendoza,65,19.240315942368643
Red,2020,Napa Valley,99,39.997205633051784
Red,2022,Barossa Valley,81,25.620620306392855
Rosé,2011,Bordeaux,71,13.95319109884506
Red,2018,Bordeaux,78,28.680211032510986
White,2016,Bordeaux,71,17.82978343106944
Red,2013,Napa Valley,92,45.415991981267936
Rosé,2013,Napa Valley,52,14.772898554116177
Red,2020,Tuscany,59,16.789985959263895
Rosé,2017,Bordeaux,91,11.33425682634656
Rosé,2013,Barossa Valley,70,13.16606802374089
Red,2022,Barossa Valley,65,25.940777537016398
White,2015,Bordeaux,61,12.628013836341392
Rosé,2014,Bordeaux,51,9.611232041249965
Red,2012,Bordeaux,90,35.04032360745024
Red,2022,Napa Valley,73,33.37327317914602
White,2019,Napa Valley,84,25.931917830724124
Rosé,2020,Napa Valley,79,20.43506046689627
Rosé,2011,Mendoza,79,12.7169095791999
Red,2018,Barossa Valley,96,34.28724897749419
Red,2019,Barossa Valley,84,26.450714901158417
White,2018,Tuscany,68,16.41786885223655
White,2010,Napa Valley,99,30.33444089746413
Rosé,2019,Mendoza,57,8.128551127525258
Rosé,2012,Mendoza,75,10.180394944734314
Red,2017,Barossa Valley,98,33.220266346522614
Rosé,2015,Napa Valley,89,16.3479751379006
White,2014,Tuscany,56,12.336249478648366
White,2014,Napa Valley,79,24.991754593702048
Red,2015,Bordeaux,56,17.04746241014985
White,2016,Napa Valley,52,15.706667823560615
White,2010,Bordeaux,50,10.99027441387496
White,2018,Bordeaux,85,18.801082854027733
White,2012,Tuscany,74,20.34391830461112
Red,2013,Barossa Valley,86,35.86760727097322
Red,2019,Napa Valley,50,18.814162218504798
Rosé,2010,Bordeaux,64,12.2109507496395
White,2022,Napa Valley,86,25.57945041672142
Rosé,2020,Barossa Valley,62,11.269215261906716
Red,2019,Barossa Valley,89,30.176571410784803
Red,2012,Mendoza,57,19.777753302376077
Red,2011,Barossa Valley,54,20.96141570032716
Red,2011,Tuscany,58,22.416719020885893
Red,2010,Bordeaux,50,20.617214615403537
Red,2017,Mendoza,85,22.33438305772223
Red,2012,Tuscany,84,28.81482840310554
White,2012,Napa Valley,51,15.056638155433088
Rosé,2015,Bordeaux,89,15.48763467269182
Red,2022,Barossa Valley,72,27.729961004978122
White,2017,Bordeaux,58,11.253384505942408
White,2022,Napa Valley,83,23.32677340710297
Rosé,2018,Mendoza,95,8.650945962795863
Red,2018,Mendoza,63,15.8407645386856
Rosé,2013,Mendoza,53,8.682882134258197
Red,2014,Barossa Valley,79,32.071633166036335
White,2011,Tuscany,80,17.48698725042081
White,2020,Tuscany,87,15.89044088706223
White,2018,Bordeaux,60,13.544385456652746
White,2017,Barossa Valley,84,19.28134196318725
Rosé,2012,Mendoza,57,4.928537533350055
Red,2020,Mendoza,52,9.79859969472987
Red,2021,Napa Valley,63,24.30126964428565
Rosé,2022,Napa Valley,62,13.470373172107104
Red,2018,Mendoza,94,19.88499031454953
White,2012,Mendoza,81,16.82053964769674
Red,2018,Barossa Valley,83,28.08050428696516
White,2011,Tuscany,94,25.524675556416895
Rosé,2021,Napa Valley,68,12.999956376574275
Red,2019,Tuscany,87,26.60497796948186
Rosé,2018,Barossa Valley,65,11.690014280174926
Red,2017,Mendoza,51,9.5088670403856
White,2018,Tuscany,89,19.158414433263477
Rosé,2014,Mendoza,66,11.320793010912576
Red,2020,Mendoza,83,23.42653727934918
White,2020,Bordeaux,91,27.508475412872652
Rosé,2011,Tuscany,65,7.629274121002824
Rosé,2017,Tuscany,87,16.368893299522217
Red,2021,Mendoza,51,13.19510496119929
Red,2015,Barossa Valley,51,18.47565780880602
Red,2017,Bordeaux,75,24.208975509397515
White,2020,Mendoza,62,10.311527333203912
Red,2014,Napa Valley,96,46.380334143522475
Rosé,2019,Napa Valley,80,16.859017471146018
Rosé,2011,Bordeaux,83,13.399652606656643
Red,2015,Barossa Valley,88,32.38915833504353
Red,2014,Mendoza,52,16.327611190229497
Rosé,2021,Tuscany,57,6.204361321919284
White,2022,Bordeaux,72,14.651974284008373
Red,2021,Barossa Valley,63,24.627298433725144
Red,2014,Tuscany,76,26.517329825967558
Rosé,2022,Napa Valley,78,16.51190723641924
Red,2010,Napa Valley,88,42.09808744856905
White,2011,Tuscany,88,22.811843699847238
Rosé,2017,Bordeaux,50,9.471015477580409
Red,2022,Napa Valley,66,30.427217666592828
Rosé,2022,Mendoza,90,11.79887210900157
Red,2012,Tuscany,79,30.014309609515816
Red,2019,Tuscany,62,18.610135079077892
Red,2012,Napa Valley,70,37.241743563726025
White,2017,Bordeaux,68,13.250335224782539
White,2017,Mendoza,68,13.730010625754565
Rosé,2011,Bordeaux,74,14.262605407766637
Red,2017,Barossa Valley,71,24.792623645783003
Red,2020,Barossa Valley,80,28.263504968896747
White,2022,Napa Valley,66,18.324480792853354
Red,2022,Napa Valley,72,28.927541913756084
White,2010,Napa Valley,81,27.159426366341055
Red,2015,Barossa Valley,59,23.865236115124368
Rosé,2017,Bordeaux,59,11.528899371230438
Red,2012,Bordeaux,85,35.3983091849938
Red,2017,Napa Valley,57,22.173920947952258
White,2021,Mendoza,69,10.641518343543352
Red,2010,Bordeaux,81,33.98660111647551
Red,2020,Barossa Valley,99,36.50109358505959
White,2020,Tuscany,63,15.419341351501965
Rosé,2018,Tuscany,99,13.493538748061543
Rosé,2022,Tuscany,77,10.975402689279306
White,2020,Mendoza,95,13.821031674949133
White,2022,Napa Valley,73,18.925057787878256
White,2018,Barossa Valley,64,16.969141021158894
White,2014,Mendoza,71,14.687009241543604
White,2019,Barossa Valley,79,19.766959590401648
Rosé,2013,Barossa Valley,53,10.98749378800438
Rosé,2020,Napa Valley,62,13.203114056443122
White,2015,Tuscany,72,11.960617220368665
Red,2021,Napa Valley,57,23.255418899267802
White,2016,Mendoza,67,6.077728058198554
Red,2014,Mendoza,61,19.75620768367603
White,2020,Mendoza,80,11.13905351256972
White,2022,Napa Valley,63,19.42198903309363
Rosé,2019,Barossa Valley,83,16.121314705529024
Red,2018,Barossa Valley,67,24.450341963932164
Red,2012,Bordeaux,83,35.91001245431876
Rosé,2016,Mendoza,60,6.202166958350325
Rosé,2019,Barossa Valley,90,19.289726395831117
Rosé,2019,Bordeaux,61,11.74638312852077
Rosé,2020,Barossa Valley,98,16.72588942556211
Red,2014,Mendoza,64,23.39124029436589
Red,2016,Tuscany,80,21.547412975176734
White,2011,Mendoza,98,19.910971676944655
White,2013,Napa Valley,78,24.522820553520603
Rosé,2011,Barossa Valley,75,15.02954458387197
Rosé,2022,Barossa Valley,67,9.645384714479496
Rosé,2022,Napa Valley,81,18.848666134190655
White,2021,Napa Valley,71,18.652291199260336
White,2016,Tuscany,87,17.93100993671376
White,2011,Barossa Valley,66,17.73529726717264
White,2022,Barossa Valley,72,13.206793398902965
White,2020,Tuscany,73,14.994114716782843
White,2010,Bordeaux,99,22.311490049160447
White,2018,Tuscany,57,11.148731907829063
Rosé,2010,Mendoza,90,12.11336992233438
Rosé,2017,Barossa Valley,55,13.627051998461617
Rosé,2011,Napa Valley,54,15.187725444349445
Rosé,2021,Mendoza,93,12.766507582542962
White,2017,Barossa Valley,78,20.77941335530934
Red,2022,Tuscany,77,21.17636804506853
White,2012,Mendoza,60,14.286958757340187
Red,2015,Barossa Valley,50,17.949620867437428
Rosé,2012,Bordeaux,92,18.744040162667346
White,2016,Bordeaux,68,17.232707000213537
Rosé,2019,Napa Valley,58,13.209984205559604
White,2018,Barossa Valley,76,18.361447325650047
Rosé,2011,Bordeaux,83,13.124225127543408
Red,2021,Tuscany,93,25.700907409441076
Red,2021,Barossa Valley,53,18.357582132808552
Red,2014,Tuscany,85,31.041744748553306
White,2022,Tuscany,67,11.005592550652153
Red,2015,Bordeaux,64,25.559353351156844
White,2013,Barossa Valley,62,20.764788110507148
Red,2013,Mendoza,68,23.64423664078497
Red,2013,Bordeaux,98,38.9520737225675
White,2011,Bordeaux,55,14.0955820601977
White,2013,Barossa Valley,97,25.838163079955528
Red,2020,Barossa Valley,61,21.565961037037727
White,2010,Tuscany,86,21.3275050802855
Red,2021,Barossa Valley,66,20.682478849036755
White,2015,Tuscany,72,14.924352834489795
Rosé,2010,Bordeaux,75,14.539481902350504
Rosé,2019,Napa Valley,78,11.97938488424522
Rosé,2015,Mendoza,82,9.349229978440995
Rosé,2010,Bordeaux,76,14.220788933156712
Rosé,2015,Barossa Valley,74,16.76237531468038
Red,2019,Mendoza,59,17.043106249067517
Rosé,2017,Napa Valley,96,16.769036861800217
Rosé,2020,Napa Valley,72,15.552072578835274
Rosé,2011,Tuscany,70,9.61039202212327
Rosé,2011,Mendoza,70,13.715382107774147
White,2022,Tuscany,92,17.273750696364242
Red,2021,Bordeaux,62,19.90072762252166
Rosé,2013,Mendoza,86,16.84159329508438
Rosé,2020,Bordeaux,82,10.7096728628315
Rosé,2012,Tuscany,73,10.455263629774018
Red,2013,Mendoza,93,29.522801347307997
White,2022,Tuscany,60,13.956757702038633
Red,2021,Mendoza,66,14.781307849046316
White,2016,Tuscany,53,4.829688803778862
Rosé,2022,Napa Valley,96,18.537682283182
Rosé,2020,Tuscany,74,12.09248159982184
Red,2010,Napa Valley,79,41.50552349947767
Red,2015,Tuscany,58,16.2996772758292
White,2012,Mendoza,70,14.577146785767997
White,2020,Mendoza,69,14.727801468511494
Red,2019,Mendoza,68,14.620516600609161
White,2016,Barossa Valley,68,15.134958449633983
Red,2019,Bordeaux,61,20.144847779850117
White,2011,Mendoza,86,19.81843744257007
Red,2011,Napa Valley,91,44.025386613618245
Red,2022,Mendoza,66,17.888882023411682
Red,2013,Barossa Valley,86,31.917345293174026
White,2010,Napa Valley,97,30.693503175332303
White,2012,Barossa Valley,88,26.075017425108935
White,2022,Napa Valley,77,18.825411931490642
Red,2018,Tuscany,90,26.847968443179195
White,2016,Bordeaux,84,19.037745001605398
White,2016,Bordeaux,96,20.050901598284472
Red,2022,Barossa Valley,97,34.387927541993136
Rosé,2022,Bordeaux,67,8.928534869430777
Red,2020,Barossa Valley,63,21.699777440607907
White,2013,Barossa Valley,84,25.244432339178445
Red,2011,Barossa Valley,93,40.210945921936876
Rosé,2013,Bordeaux,90,16.64693746087213
Red,2015,Barossa Valley,56,20.10443280858159
White,2020,Bordeaux,90,20.86921958127324
Rosé,2020,Barossa Valley,62,6.781117442845044
White,2012,Mendoza,67,17.058148129911796
Rosé,2010,Barossa Valley,86,17.77449052263786
Rosé,2021,Napa Valley,62,13.405979866480461
Red,2017,Barossa Valley,85,32.229493847290456
Red,2021,Tuscany,80,21.01665260553907
White,2022,Barossa Valley,51,10.515117995144905
Red,2014,Napa Valley,65,31.597902608248596
Red,2014,Napa Valley,58,27.142492957751145
Rosé,2020,Bordeaux,58,12.865873151673616
Red,2013,Mendoza,87,26.99645581234642
Rosé,2015,Barossa Valley,60,9.418906441026266
Rosé,2012,Bordeaux,71,14.466778063205954
Rosé,2018,Mendoza,82,8.66570094784782
White,2014,Barossa Valley,85,23.518638576487472
White,2012,Tuscany,94,23.382906522500353
White,2020,Barossa Valley,72,16.182279191234976
Rosé,2010,Napa Valley,94,23.078226282200102
White,2019,Napa Valley,94,24.321335775103258
White,2021,Tuscany,83,13.405059381638463
Red,2015,Bordeaux,58,19.435186422678477
White,2011,Mendoza,73,19.569866143294487
White,2022,Barossa Valley,57,13.374803261566875
Rosé,2012,Napa Valley,56,14.310528234495102
Rosé,2010,Bordeaux,85,18.21544551023372
Rosé,2018,Tuscany,67,7.410839006906604
Rosé,2017,Napa Valley,52,13.935029316259213
Rosé,2021,Tuscany,77,11.839157592845604
Rosé,2011,Barossa Valley,55,15.06121379817822
White,2021,Mendoza,93,15.273934008952024
Rosé,2020,Napa Valley,93,22.468623845115648
Rosé,2017,Napa Valley,70,15.725310988069566
Red,2021,Barossa Valley,77,28.13308017170472
White,2018,Bordeaux,89,19.692048908706298
White,2010,Mendoza,50,10.5029427638511
White,2022,Napa Valley,85,25.351063316947744
Rosé,2014,Mendoza,70,11.830719739696095
Rosé,2017,Napa Valley,92,14.695860592825694
Rosé,2020,Mendoza,84,9.105627076585995
Red,2011,Tuscany,62,22.13430849561451
Rosé,2013,Napa Valley,98,24.87499796633111
Red,2016,Mendoza,59,15.816823022200207
White,2012,Bordeaux,93,26.98994157958733
Rosé,2022,Tuscany,96,10.35379627192275
Red,2021,Tuscany,59,17.81017587301032
Red,2014,Bordeaux,95,33.98404154922569
Rosé,2017,Mendoza,62,9.889424590968337
White,2021,Barossa Valley,86,19.935082571115995
White,2019,Bordeaux,87,19.631219944048233
White,2012,Mendoza,73,14.33223407882047
Red,2013,Bordeaux,51,22.754929863315503
Red,2018,Bordeaux,71,25.0874493281177
Red,2016,Napa Valley,66,27.89708860602378
Red,2010,Mendoza,85,27.790965506273118
White,2021,Barossa Valley,63,15.901714570590263
Rosé,2013,Napa Valley,59,13.188714864025302
Red,2013,Bordeaux,84,34.97511131804143
Red,2018,Bordeaux,74,27.274961788647843
White,2015,Bordeaux,52,13.373221119958373
Rosé,2018,Mendoza,96,11.50079506038518
Rosé,2021,Mendoza,87,12.467834634546207
White,2015,Napa Valley,66,15.233716912482706
White,2015,Barossa Valley,61,15.41878062235135
Rosé,2014,Napa Valley,73,18.96870682572508
Red,2014,Tuscany,78,24.574367320935675
Rosé,2011,Bordeaux,92,15.892432312175277
White,2017,Bordeaux,74,15.417722206512464
Red,2017,Bordeaux,85,26.938280505718346
Red,2020,Napa Valley,75,27.956046129162388
White,2022,Napa Valley,87,24.26795745870437
White,2010,Bordeaux,50,13.702947217881025
White,2017,Napa Valley,69,18.24146173604296
Rosé,2014,Mendoza,77,11.193416999683276
Rosé,2011,Mendoza,65,12.822414252833129
Red,2011,Napa Valley,96,50.830814226176585
White,2015,Bordeaux,66,13.288877032306926
Red,2020,Napa Valley,89,34.82066616569036
Red,2022,Napa Valley,77,32.16741533082399
Red,2018,Napa Valley,61,23.988941240506026
Red,2010,Tuscany,76,27.309205598673536
White,2021,Mendoza,91,17.85930630344934
Red,2015,Barossa Valley,96,29.877287824985412
White,2018,Barossa Valley,79,21.122604649705337
White,2017,Tuscany,90,17.965361048658682
Rosé,2020,Napa Valley,83,15.98451371087564
White,2015,Tuscany,86,16.8495316915571
Rosé,2012,Tuscany,55,9.90735871004104
White,2017,Bordeaux,56,8.63359739311015
White,2018,Mendoza,81,17.569876454906474
White,2010,Barossa Valley,81,23.24865126454124
Rosé,2021,Napa Valley,74,15.87100426089475
Rosé,2018,Barossa Valley,82,16.294099541148086
Red,2015,Barossa Valley,56,17.613675084879404
